cell_line,lineage
CVCL_0001,blood
CVCL_0002,blood
CVCL_0004,blood
CVCL_0005,blood
CVCL_0006,blood
CVCL_0007,blood
CVCL_0008,lymphocyte
CVCL_0009,lymphocyte
CVCL_0012,plasma_cell
CVCL_0014,plasma_cell
CVCL_0018,central_nervous_system
CVCL_0019,peripheral_nervous_system
CVCL_0021,central_nervous_system
CVCL_0022,central_nervous_system
CVCL_0023,lung
CVCL_0024,lung
CVCL_0025,colorectal
CVCL_0026,pancreas
CVCL_0027,liver
CVCL_0028,uterus
CVCL_0029,ovary
CVCL_0030,cervix
CVCL_0031,breast
CVCL_0032,cervix
CVCL_0033,breast
CVCL_0035,prostate
CVCL_0036,urinary_tract
CVCL_0037,skin
CVCL_0039,skin
CVCL_0040,skin
CVCL_0041,soft_tissue
CVCL_0042,bone
CVCL_0060,lung
CVCL_0062,breast
CVCL_0064,blood
CVCL_0065,blood
CVCL_0067,lymphocyte
CVCL_0068,skin
CVCL_0069,skin
CVCL_0076,gastric
CVCL_0077,liver
CVCL_0078,gastric
CVCL_0079,blood
CVCL_0080,bone
CVCL_0089,blood
CVCL_0090,liver
CVCL_0091,blood
CVCL_0092,blood
CVCL_0093,blood
CVCL_0095,blood
CVCL_0098,blood
CVCL_0099,gastric
CVCL_0101,gastric
CVCL_0102,gastric
CVCL_0103,blood
CVCL_0107,lymphocyte
CVCL_0126,urinary_tract
CVCL_0131,central_nervous_system
CVCL_0132,skin
CVCL_0134,ovary
CVCL_0139,gastric
CVCL_0152,pancreas
CVCL_0153,thyroid
CVCL_0178,breast
CVCL_0179,breast
CVCL_0181,blood
CVCL_0186,pancreas
CVCL_0201,ovary
CVCL_0202,ovary
CVCL_0205,bile_duct
CVCL_0216,blood
CVCL_0217,blood
CVCL_0234,kidney
CVCL_0235,kidney
CVCL_0236,lung
CVCL_0237,pancreas
CVCL_0243,pancreas
CVCL_0248,colorectal
CVCL_0250,liver
CVCL_0253,breast
CVCL_0258,blood
CVCL_0270,kidney
CVCL_0290,breast
CVCL_0291,colorectal
CVCL_0292,colorectal
CVCL_0293,uterus
CVCL_0294,uterus
CVCL_0312,bone
CVCL_0313,pancreas
CVCL_0314,skin
CVCL_0317,soft_tissue
CVCL_0318,skin
CVCL_0320,colorectal
CVCL_0324,bile_duct
CVCL_0326,liver
CVCL_0331,skin
CVCL_0332,breast
CVCL_0333,gastric
CVCL_0334,pancreas
CVCL_0336,liver
CVCL_0337,lymphocyte
CVCL_0346,peripheral_nervous_system
CVCL_0359,urinary_tract
CVCL_0360,uterus
CVCL_0363,uterus
CVCL_0364,liver
CVCL_0366,liver
CVCL_0371,gastric
CVCL_0374,blood
CVCL_0378,central_nervous_system
CVCL_0379,blood
CVCL_0388,blood
CVCL_0392,central_nervous_system
CVCL_0393,central_nervous_system
CVCL_0394,central_nervous_system
CVCL_0397,colorectal
CVCL_0399,colorectal
CVCL_0401,central_nervous_system
CVCL_0418,breast
CVCL_0419,breast
CVCL_0425,blood
CVCL_0426,bone
CVCL_0428,pancreas
CVCL_0434,gastric
CVCL_0445,skin
CVCL_0454,liver
CVCL_0455,lung
CVCL_0459,lung
CVCL_0463,lung
CVCL_0465,ovary
CVCL_0471,esophagus
CVCL_0479,ovary
CVCL_0480,pancreas
CVCL_0485,liver
CVCL_0497,liver
CVCL_0504,colorectal
CVCL_0505,uterus
CVCL_0511,lymphocyte
CVCL_0519,bile_duct
CVCL_0525,liver
CVCL_0526,skin
CVCL_0527,skin
CVCL_0528,peripheral_nervous_system
CVCL_0530,bone
CVCL_0531,peripheral_nervous_system
CVCL_0532,ovary
CVCL_0533,soft_tissue
CVCL_0538,lymphocyte
CVCL_0539,lymphocyte
CVCL_0542,adrenal_cortex
CVCL_0543,bone
CVCL_0544,colorectal
CVCL_0545,colorectal
CVCL_0546,colorectal
CVCL_0547,colorectal
CVCL_0548,bone
CVCL_0550,skin
CVCL_0553,breast
CVCL_0554,urinary_tract
CVCL_0555,colorectal
CVCL_0556,central_nervous_system
CVCL_0559,blood
CVCL_0566,plasma_cell
CVCL_0582,thyroid
CVCL_0588,breast
CVCL_0589,blood
CVCL_0590,blood
CVCL_0597,lymphocyte
CVCL_0599,skin
CVCL_0600,skin
CVCL_0608,lung
CVCL_0609,lung
CVCL_0614,blood
CVCL_0617,breast
CVCL_0618,breast
CVCL_0620,breast
CVCL_0621,breast
CVCL_0622,skin
CVCL_0623,breast
CVCL_0624,blood
CVCL_0626,colorectal
CVCL_0627,bone
CVCL_0630,lung
CVCL_0631,bone
CVCL_0632,colorectal
CVCL_0633,central_nervous_system
CVCL_0660,fibroblast
CVCL_0698,fibroblast
CVCL_0707,fibroblast
CVCL_0711,fibroblast
CVCL_0715,fibroblast
CVCL_0726,fibroblast
CVCL_0814,fibroblast
CVCL_0819,fibroblast
CVCL_0823,lymphocyte
CVCL_0825,fibroblast
CVCL_0827,fibroblast
CVCL_0836,fibroblast
CVCL_0844,central_nervous_system
CVCL_0846,fibroblast
CVCL_0851,skin
CVCL_0855,fibroblast
CVCL_0863,fibroblast
CVCL_0871,soft_tissue
CVCL_0878,fibroblast
CVCL_0882,fibroblast
CVCL_0888,fibroblast
CVCL_0891,fibroblast
CVCL_0928,fibroblast
CVCL_0932,fibroblast
CVCL_0933,fibroblast
CVCL_0938,fibroblast
CVCL_0941,fibroblast
CVCL_0942,fibroblast
CVCL_0950,skin
CVCL_0957,bone
CVCL_0959,fibroblast
CVCL_0966,fibroblast
CVCL_0979,fibroblast
CVCL_0993,fibroblast
CVCL_0B48,bone
CVCL_0B49,central_nervous_system
CVCL_0B50,bone
CVCL_0B81,eye
CVCL_0D73,blood
CVCL_1031,fibroblast
CVCL_1033,skin
CVCL_1036,skin
CVCL_1038,fibroblast
CVCL_1040,skin
CVCL_1045,prostate
CVCL_1046,gastric
CVCL_1048,urinary_tract
CVCL_1049,urinary_tract
CVCL_1050,kidney
CVCL_1051,kidney
CVCL_1052,central_nervous_system
CVCL_1053,thyroid
CVCL_1054,thyroid
CVCL_1055,lung
CVCL_1056,kidney
CVCL_1057,skin
CVCL_1058,soft_tissue
CVCL_1059,skin
CVCL_1060,upper_aerodigestive
CVCL_1062,lymphocyte
CVCL_1063,epidermoid_carcinoma
CVCL_1064,lymphocyte
CVCL_1065,kidney
CVCL_1066,lung
CVCL_1067,kidney
CVCL_1070,central_nervous_system
CVCL_1071,blood
CVCL_1074,breast
CVCL_1082,lung
CVCL_1083,urinary_tract
CVCL_1084,kidney
CVCL_1085,thyroid
CVCL_1086,upper_aerodigestive
CVCL_1087,lymphocyte
CVCL_1088,lymphocyte
CVCL_1089,cervix
CVCL_1091,prostate
CVCL_1092,breast
CVCL_1093,central_nervous_system
CVCL_1094,cervix
CVCL_1095,cervix
CVCL_1096,colorectal
CVCL_1097,skin
CVCL_1099,lymphocyte
CVCL_1100,cervix
CVCL_1101,lymphocyte
CVCL_1102,upper_aerodigestive
CVCL_1103,bone
CVCL_1104,breast
CVCL_1105,lung
CVCL_1106,breast
CVCL_1107,upper_aerodigestive
CVCL_1108,upper_aerodigestive
CVCL_1110,breast
CVCL_1111,kidney
CVCL_1112,thyroid
CVCL_1113,bone
CVCL_1114,breast
CVCL_1115,breast
CVCL_1117,central_nervous_system
CVCL_1118,central_nervous_system
CVCL_1119,pancreas
CVCL_1121,lung
CVCL_1122,skin
CVCL_1123,peripheral_nervous_system
CVCL_1124,peripheral_nervous_system
CVCL_1125,peripheral_nervous_system
CVCL_1126,blood
CVCL_1128,lung
CVCL_1129,colorectal
CVCL_1130,skin
CVCL_1131,esophagus
CVCL_1132,uterus
CVCL_1133,skin
CVCL_1134,skin
CVCL_1135,skin
CVCL_1136,breast
CVCL_1137,skin
CVCL_1138,lung
CVCL_1139,lung
CVCL_1140,lung
CVCL_1141,lung
CVCL_1150,blood
CVCL_1151,colorectal
CVCL_1155,central_nervous_system
CVCL_1161,central_nervous_system
CVCL_1167,central_nervous_system
CVCL_1168,lymphocyte
CVCL_1169,central_nervous_system
CVCL_1170,lymphocyte
CVCL_1171,upper_aerodigestive
CVCL_1173,central_nervous_system
CVCL_1174,lung
CVCL_1175,lung
CVCL_1176,lung
CVCL_1177,lung
CVCL_1178,lung
CVCL_1179,lymphocyte
CVCL_1181,cervix
CVCL_1183,breast
CVCL_1184,lung
CVCL_1186,lymphocyte
CVCL_1187,esophagus
CVCL_1188,gastric
CVCL_1189,gastric
CVCL_1190,colorectal
CVCL_1191,uterus
CVCL_1192,ovary
CVCL_1193,bile_duct
CVCL_1194,lymphocyte
CVCL_1195,lung
CVCL_1196,blood
CVCL_1197,lung
CVCL_1205,uterus
CVCL_1218,upper_aerodigestive
CVCL_1219,thyroid
CVCL_1220,skin
CVCL_1221,kidney
CVCL_1222,lymphocyte
CVCL_1226,central_nervous_system
CVCL_1227,central_nervous_system
CVCL_1229,soft_tissue
CVCL_1230,blood
CVCL_1231,central_nervous_system
CVCL_1232,peripheral_nervous_system
CVCL_1233,central_nervous_system
CVCL_1234,peripheral_nervous_system
CVCL_1235,colorectal
CVCL_1238,bone
CVCL_1239,central_nervous_system
CVCL_1245,breast
CVCL_1247,breast
CVCL_1249,breast
CVCL_1251,breast
CVCL_1252,breast
CVCL_1254,breast
CVCL_1255,breast
CVCL_1256,breast
CVCL_1258,breast
CVCL_1259,breast
CVCL_1261,breast
CVCL_1263,breast
CVCL_1265,lung
CVCL_1267,breast
CVCL_1269,lung
CVCL_1270,breast
CVCL_1273,unknown
CVCL_1274,uterus
CVCL_1275,central_nervous_system
CVCL_1279,gastric
CVCL_1280,lymphocyte
CVCL_1282,skin
CVCL_1285,lung
CVCL_1286,lung
CVCL_1287,upper_aerodigestive
CVCL_1288,upper_aerodigestive
CVCL_1289,upper_aerodigestive
CVCL_1290,lymphocyte
CVCL_1291,urinary_tract
CVCL_1292,urinary_tract
CVCL_1293,cervix
CVCL_1294,colorectal
CVCL_1295,thyroid
CVCL_1298,bone
CVCL_1299,pancreas
CVCL_1300,pancreas
CVCL_1301,gastric
CVCL_1302,lung
CVCL_1303,skin
CVCL_1304,ovary
CVCL_1307,skin
CVCL_1311,lung
CVCL_1312,lung
CVCL_1319,lymphocyte
CVCL_1320,blood
CVCL_1321,blood
CVCL_1323,central_nervous_system
CVCL_1324,lymphocyte
CVCL_1325,lymphocyte
CVCL_1327,blood
CVCL_1329,uterus
CVCL_1330,lymphocyte
CVCL_1331,colorectal
CVCL_1334,plasma_cell
CVCL_1335,lung
CVCL_1337,upper_aerodigestive
CVCL_1338,pancreas
CVCL_1339,peripheral_nervous_system
CVCL_1340,peripheral_nervous_system
CVCL_1341,peripheral_nervous_system
CVCL_1343,central_nervous_system
CVCL_1344,urinary_tract
CVCL_1345,ovary
CVCL_1347,esophagus
CVCL_1348,esophagus
CVCL_1349,esophagus
CVCL_1350,esophagus
CVCL_1351,esophagus
CVCL_1352,esophagus
CVCL_1353,esophagus
CVCL_1354,esophagus
CVCL_1355,esophagus
CVCL_1356,esophagus
CVCL_1357,plasma_cell
CVCL_1361,lymphocyte
CVCL_1362,lymphocyte
CVCL_1372,lung
CVCL_1375,lung
CVCL_1376,lung
CVCL_1377,lung
CVCL_1379,prostate
CVCL_1380,blood
CVCL_1381,skin
CVCL_1382,colorectal
CVCL_1383,colorectal
CVCL_1385,colorectal
CVCL_1386,colorectal
CVCL_1387,lung
CVCL_1389,lung
CVCL_1391,lung
CVCL_1392,lung
CVCL_1394,lung
CVCL_1399,lymphocyte
CVCL_1400,breast
CVCL_1402,skin
CVCL_1403,skin
CVCL_1404,soft_tissue
CVCL_1405,uterus
CVCL_1406,uterus
CVCL_1408,breast
CVCL_1409,blood
CVCL_1410,blood
CVCL_1411,bone
CVCL_1412,peripheral_nervous_system
CVCL_1414,lymphocyte
CVCL_1415,gastric
CVCL_1417,gastric
CVCL_1424,blood
CVCL_1425,blood
CVCL_1426,blood
CVCL_1427,lung
CVCL_1430,lung
CVCL_1433,blood
CVCL_1438,skin
CVCL_1440,peripheral_nervous_system
CVCL_1451,embryo
CVCL_1453,lung
CVCL_1454,lung
CVCL_1455,lung
CVCL_1456,lung
CVCL_1458,lung
CVCL_1463,lung
CVCL_1464,lung
CVCL_1465,lung
CVCL_1466,lung
CVCL_1467,lung
CVCL_1470,lung
CVCL_1471,lung
CVCL_1472,lung
CVCL_1473,lung
CVCL_1475,lung
CVCL_1476,lung
CVCL_1478,lung
CVCL_1479,lung
CVCL_1480,lung
CVCL_1481,lung
CVCL_1482,lung
CVCL_1483,lung
CVCL_1484,lung
CVCL_1485,lung
CVCL_1487,lung
CVCL_1488,lung
CVCL_1489,lung
CVCL_1490,lung
CVCL_1491,lung
CVCL_1492,lung
CVCL_1494,lung
CVCL_1495,lung
CVCL_1496,lung
CVCL_1497,lung
CVCL_1498,lung
CVCL_1499,lung
CVCL_1500,lung
CVCL_1503,lung
CVCL_1505,lung
CVCL_1507,lung
CVCL_1508,lung
CVCL_1509,lung
CVCL_1510,lung
CVCL_1511,lung
CVCL_1514,lung
CVCL_1515,lung
CVCL_1516,lung
CVCL_1517,lung
CVCL_1518,lung
CVCL_1521,lung
CVCL_1522,lung
CVCL_1523,lung
CVCL_1524,lung
CVCL_1525,lung
CVCL_1526,lung
CVCL_1529,lung
CVCL_1530,lung
CVCL_1531,lung
CVCL_1532,lung
CVCL_1535,lung
CVCL_1536,lung
CVCL_1537,lung
CVCL_1539,lung
CVCL_1542,lung
CVCL_1543,lung
CVCL_1544,lung
CVCL_1545,lung
CVCL_1546,lung
CVCL_1547,lung
CVCL_1549,lung
CVCL_1550,lung
CVCL_1551,lung
CVCL_1552,lung
CVCL_1553,lung
CVCL_1555,lung
CVCL_1556,lung
CVCL_1559,lung
CVCL_1561,lung
CVCL_1562,lung
CVCL_1564,colorectal
CVCL_1565,lung
CVCL_1566,lung
CVCL_1567,lung
CVCL_1568,lung
CVCL_1569,lung
CVCL_1571,lung
CVCL_1574,lung
CVCL_1575,lung
CVCL_1576,prostate
CVCL_1577,lung
CVCL_1579,lung
CVCL_1581,colorectal
CVCL_1584,lung
CVCL_1587,colorectal
CVCL_1590,lung
CVCL_1591,lung
CVCL_1594,lung
CVCL_1595,lung
CVCL_1598,lung
CVCL_1600,plasma_cell
CVCL_1603,gastric
CVCL_1605,peripheral_nervous_system
CVCL_1606,peripheral_nervous_system
CVCL_1608,central_nervous_system
CVCL_1609,blood
CVCL_1610,bone
CVCL_1611,gastric
CVCL_1612,gastric
CVCL_1614,ovary
CVCL_1615,ovary
CVCL_1616,ovary
CVCL_1618,ovary
CVCL_1619,blood
CVCL_1620,blood
CVCL_1622,esophagus
CVCL_1624,central_nervous_system
CVCL_1625,plasma_cell
CVCL_1626,kidney
CVCL_1627,ovary
CVCL_1628,ovary
CVCL_1629,ovary
CVCL_1630,blood
CVCL_1631,blood
CVCL_1632,blood
CVCL_1633,pancreas
CVCL_1634,pancreas
CVCL_1635,pancreas
CVCL_1636,pancreas
CVCL_1637,pancreas
CVCL_1638,pancreas
CVCL_1639,pancreas
CVCL_1640,lung
CVCL_1641,blood
CVCL_1642,central_nervous_system
CVCL_1644,pancreas
CVCL_1647,kidney
CVCL_1648,colorectal
CVCL_1649,soft_tissue
CVCL_1650,blood
CVCL_1651,lung
CVCL_1652,lung
CVCL_1654,lung
CVCL_1655,lung
CVCL_1656,lung
CVCL_1659,soft_tissue
CVCL_1660,lymphocyte
CVCL_1661,breast
CVCL_1662,ovary
CVCL_1664,upper_aerodigestive
CVCL_1666,skin
CVCL_1667,blood
CVCL_1670,urinary_tract
CVCL_1672,skin
CVCL_1674,soft_tissue
CVCL_1675,upper_aerodigestive
CVCL_1679,lung
CVCL_1681,upper_aerodigestive
CVCL_1682,upper_aerodigestive
CVCL_1683,lymphocyte
CVCL_1684,upper_aerodigestive
CVCL_1685,upper_aerodigestive
CVCL_1688,central_nervous_system
CVCL_1689,central_nervous_system
CVCL_1690,central_nervous_system
CVCL_1691,central_nervous_system
CVCL_1692,skin
CVCL_1693,lung
CVCL_1694,blood
CVCL_1695,peripheral_nervous_system
CVCL_1697,bone
CVCL_1699,plasma_cell
CVCL_1700,peripheral_nervous_system
CVCL_1701,peripheral_nervous_system
CVCL_1702,peripheral_nervous_system
CVCL_1703,bone
CVCL_1704,cervix
CVCL_1706,central_nervous_system
CVCL_1707,uterus
CVCL_1708,colorectal
CVCL_1709,colorectal
CVCL_1711,lymphocyte
CVCL_1712,lymphocyte
CVCL_1714,blood
CVCL_1715,central_nervous_system
CVCL_1716,lung
CVCL_1717,colorectal
CVCL_1718,colorectal
CVCL_1719,kidney
CVCL_1720,lung
CVCL_1721,urinary_tract
CVCL_1722,central_nervous_system
CVCL_1723,pancreas
CVCL_1724,colorectal
CVCL_1725,colorectal
CVCL_1727,cervix
CVCL_1728,urinary_tract
CVCL_1729,colorectal
CVCL_1731,lung
CVCL_1732,cervix
CVCL_1734,soft_tissue
CVCL_1735,lymphocyte
CVCL_1736,blood
CVCL_1738,urinary_tract
CVCL_1740,fibroblast
CVCL_1743,fibroblast
CVCL_1754,soft_tissue
CVCL_1755,soft_tissue
CVCL_1759,esophagus
CVCL_1760,esophagus
CVCL_1761,esophagus
CVCL_1763,esophagus
CVCL_1764,esophagus
CVCL_1765,esophagus
CVCL_1766,esophagus
CVCL_1767,esophagus
CVCL_1768,gastric
CVCL_1769,bile_duct
CVCL_1771,peripheral_nervous_system
CVCL_1774,thyroid
CVCL_1776,ovary
CVCL_1779,skin
CVCL_1780,skin
CVCL_1781,breast
CVCL_1782,breast
CVCL_1783,urinary_tract
CVCL_1785,soft_tissue
CVCL_1786,urinary_tract
CVCL_1790,kidney
CVCL_1791,kidney
CVCL_1792,eye
CVCL_1793,lymphocyte
CVCL_1794,pancreas
CVCL_1795,central_nervous_system
CVCL_1796,central_nervous_system
CVCL_1798,central_nervous_system
CVCL_1805,blood
CVCL_1806,plasma_cell
CVCL_1808,urinary_tract
CVCL_1809,bone
CVCL_1812,breast
CVCL_1818,lymphocyte
CVCL_1819,lymphocyte
CVCL_1820,blood
CVCL_1823,plasma_cell
CVCL_1829,peripheral_nervous_system
CVCL_1834,blood
CVCL_1835,blood
CVCL_1842,esophagus
CVCL_1844,blood
CVCL_1845,pancreas
CVCL_1846,pancreas
CVCL_1847,pancreas
CVCL_1848,pancreas
CVCL_1849,pancreas
CVCL_1850,pancreas
CVCL_1851,blood
CVCL_1852,blood
CVCL_1861,lymphocyte
CVCL_1865,lymphocyte
CVCL_1866,blood
CVCL_1870,blood
CVCL_1872,lymphocyte
CVCL_1873,blood
CVCL_1876,lymphocyte
CVCL_1877,lymphocyte
CVCL_1878,lymphocyte
CVCL_1880,lymphocyte
CVCL_1881,lymphocyte
CVCL_1882,ovary
CVCL_1883,lymphocyte
CVCL_1884,lymphocyte
CVCL_1885,lymphocyte
CVCL_1889,lymphocyte
CVCL_1893,eye
CVCL_1902,lymphocyte
CVCL_1911,kidney
CVCL_1913,blood
CVCL_1958,urinary_tract
CVCL_1967,lymphocyte
CVCL_1978,colorectal
CVCL_1979,colorectal
CVCL_1980,colorectal
CVCL_1982,colorectal
CVCL_1987,colorectal
CVCL_1989,colorectal
CVCL_1997,skin
CVCL_1R14,central_nervous_system
CVCL_1R15,central_nervous_system
CVCL_1R16,central_nervous_system
CVCL_1R17,central_nervous_system
CVCL_1Y70,peripheral_nervous_system
CVCL_2010,ovary
CVCL_2016,lymphocyte
CVCL_2019,fibroblast
CVCL_2022,blood
CVCL_2027,lymphocyte
CVCL_2030,plasma_cell
CVCL_2034,uterus
CVCL_2035,esophagus
CVCL_2036,esophagus
CVCL_2037,blood
CVCL_2045,esophagus
CVCL_2047,ovary
CVCL_2050,central_nervous_system
CVCL_2057,lung
CVCL_2058,lung
CVCL_2059,lung
CVCL_2060,lung
CVCL_2061,lung
CVCL_2062,breast
CVCL_2063,lung
CVCL_2067,breast
CVCL_2071,blood
CVCL_2075,skin
CVCL_2076,skin
CVCL_2077,breast
CVCL_2078,plasma_cell
CVCL_2079,blood
CVCL_2080,lung
CVCL_2081,urinary_tract
CVCL_2086,blood
CVCL_2090,pancreas
CVCL_2091,blood
CVCL_2092,peripheral_nervous_system
CVCL_2093,lymphocyte
CVCL_2094,breast
CVCL_2095,blood
CVCL_2096,lymphocyte
CVCL_2098,lymphocyte
CVCL_2104,lung
CVCL_2105,peripheral_nervous_system
CVCL_2106,blood
CVCL_2109,thyroid
CVCL_2110,blood
CVCL_2112,uterus
CVCL_2118,blood
CVCL_2119,blood
CVCL_2120,blood
CVCL_2122,blood
CVCL_2123,plasma_cell
CVCL_2124,plasma_cell
CVCL_2130,blood
CVCL_2141,peripheral_nervous_system
CVCL_2143,peripheral_nervous_system
CVCL_2149,blood
CVCL_2150,blood
CVCL_2161,blood
CVCL_2162,blood
CVCL_2169,bone
CVCL_2176,soft_tissue
CVCL_2182,fibroblast
CVCL_2186,lung
CVCL_2187,blood
CVCL_2191,blood
CVCL_2193,cervix
CVCL_2194,gastric
CVCL_2195,esophagus
CVCL_2196,blood
CVCL_2206,lymphocyte
CVCL_2207,lymphocyte
CVCL_2209,lymphocyte
CVCL_2210,blood
CVCL_2213,bone
CVCL_2214,bile_duct
CVCL_2218,thyroid
CVCL_2220,lymphocyte
CVCL_2221,upper_aerodigestive
CVCL_2222,upper_aerodigestive
CVCL_2224,upper_aerodigestive
CVCL_2226,upper_aerodigestive
CVCL_2228,upper_aerodigestive
CVCL_2229,upper_aerodigestive
CVCL_2230,upper_aerodigestive
CVCL_2232,upper_aerodigestive
CVCL_2235,prostate
CVCL_2253,cervix
CVCL_2255,fibroblast
CVCL_2270,bone
CVCL_2291,ovary
CVCL_2297,central_nervous_system
CVCL_2308,upper_aerodigestive
CVCL_2310,upper_aerodigestive
CVCL_2312,upper_aerodigestive
CVCL_2313,upper_aerodigestive
CVCL_2314,upper_aerodigestive
CVCL_2315,upper_aerodigestive
CVCL_2319,breast
CVCL_2408,skin
CVCL_2409,lung
CVCL_2412,lung
CVCL_2415,lung
CVCL_2418,lung
CVCL_2419,ovary
CVCL_2420,ovary
CVCL_2422,ovary
CVCL_2424,ovary
CVCL_2425,ovary
CVCL_2438,lung
CVCL_2447,thyroid
CVCL_2450,colorectal
CVCL_2457,upper_aerodigestive
CVCL_2458,upper_aerodigestive
CVCL_2462,upper_aerodigestive
CVCL_2463,upper_aerodigestive
CVCL_2465,upper_aerodigestive
CVCL_2481,blood
CVCL_2520,colorectal
CVCL_2526,plasma_cell
CVCL_2539,lymphocyte
CVCL_2541,lymphocyte
CVCL_2581,lung
CVCL_2582,lung
CVCL_2583,skin
CVCL_2584,skin
CVCL_2585,skin
CVCL_2588,colorectal
CVCL_2590,lung
CVCL_2591,lung
CVCL_2592,lung
CVCL_2593,lung
CVCL_2594,lung
CVCL_2595,lung
CVCL_2596,lung
CVCL_2597,lung
CVCL_2601,skin
CVCL_2604,skin
CVCL_2605,skin
CVCL_2606,skin
CVCL_2607,skin
CVCL_2608,skin
CVCL_2609,skin
CVCL_2610,skin
CVCL_2620,lung
CVCL_2658,lung
CVCL_2661,esophagus
CVCL_2671,lung
CVCL_2672,ovary
CVCL_2673,ovary
CVCL_2675,ovary
CVCL_2676,lymphocyte
CVCL_2677,prostate
CVCL_2678,upper_aerodigestive
CVCL_2679,upper_aerodigestive
CVCL_2680,upper_aerodigestive
CVCL_2681,upper_aerodigestive
CVCL_2682,ovary
CVCL_2686,ovary
CVCL_2690,ovary
CVCL_2714,urinary_tract
CVCL_2722,prostate
CVCL_2723,prostate
CVCL_2734,ovary
CVCL_2738,urinary_tract
CVCL_2740,kidney
CVCL_2742,kidney
CVCL_2743,urinary_tract
CVCL_2744,urinary_tract
CVCL_2745,urinary_tract
CVCL_2746,urinary_tract
CVCL_2747,urinary_tract
CVCL_2748,urinary_tract
CVCL_2749,urinary_tract
CVCL_2750,urinary_tract
CVCL_2751,urinary_tract
CVCL_2752,urinary_tract
CVCL_2753,urinary_tract
CVCL_2754,breast
CVCL_2765,skin
CVCL_2784,upper_aerodigestive
CVCL_2785,liver
CVCL_2786,liver
CVCL_2787,liver
CVCL_2788,liver
CVCL_2791,gastric
CVCL_2793,uterus
CVCL_2794,uterus
CVCL_2798,central_nervous_system
CVCL_2799,central_nervous_system
CVCL_2805,liver
CVCL_2807,skin
CVCL_2856,thyroid
CVCL_2873,colorectal
CVCL_2889,lymphocyte
CVCL_2891,lung
CVCL_2908,gastric
CVCL_2909,bone
CVCL_2914,lung
CVCL_2916,cervix
CVCL_2917,colorectal
CVCL_2918,cervix
CVCL_2919,cervix
CVCL_2923,uterus
CVCL_2924,uterus
CVCL_2925,uterus
CVCL_2927,uterus
CVCL_2928,uterus
CVCL_2929,uterus
CVCL_2930,uterus
CVCL_2931,uterus
CVCL_2943,skin
CVCL_2947,liver
CVCL_2949,breast
CVCL_2950,skin
CVCL_2955,bile_duct
CVCL_2956,liver
CVCL_2960,thyroid
CVCL_2961,gastric
CVCL_2971,central_nervous_system
CVCL_2972,plasma_cell
CVCL_2976,lymphocyte
CVCL_2977,urinary_tract
CVCL_2979,lymphocyte
CVCL_2980,soft_tissue
CVCL_2981,plasma_cell
CVCL_2983,kidney
CVCL_2984,kidney
CVCL_2985,kidney
CVCL_2986,kidney
CVCL_2989,plasma_cell
CVCL_2991,plasma_cell
CVCL_2992,plasma_cell
CVCL_2993,plasma_cell
CVCL_2994,plasma_cell
CVCL_2995,plasma_cell
CVCL_2996,plasma_cell
CVCL_3001,upper_aerodigestive
CVCL_3004,pancreas
CVCL_3005,pancreas
CVCL_3007,soft_tissue
CVCL_3015,lung
CVCL_3020,ovary
CVCL_3032,lymphocyte
CVCL_3043,blood
CVCL_3055,gastric
CVCL_3075,central_nervous_system
CVCL_3079,bile_duct
CVCL_3082,gastric
CVCL_3083,bile_duct
CVCL_3084,gastric
CVCL_3086,upper_aerodigestive
CVCL_3087,upper_aerodigestive
CVCL_3088,colorectal
CVCL_3110,ovary
CVCL_3111,ovary
CVCL_3114,ovary
CVCL_3116,ovary
CVCL_3117,ovary
CVCL_3143,pancreas
CVCL_3152,gastric
CVCL_3156,soft_tissue
CVCL_3158,ovary
CVCL_3160,upper_aerodigestive
CVCL_3162,skin
CVCL_3167,uterus
CVCL_3169,lymphocyte
CVCL_3172,pancreas
CVCL_3174,esophagus
CVCL_3177,peripheral_nervous_system
CVCL_3178,pancreas
CVCL_3302,lymphocyte
CVCL_3317,skin
CVCL_3326,lymphocyte
CVCL_3336,esophagus
CVCL_3337,esophagus
CVCL_3338,colorectal
CVCL_3385,gastric
CVCL_3386,plasma_cell
CVCL_3407,embryo
CVCL_3421,breast
CVCL_3422,breast
CVCL_3423,breast
CVCL_3424,breast
CVCL_3425,breast
CVCL_3509,ovary
CVCL_3517,pancreas
CVCL_3526,lymphocyte
CVCL_3532,blood
CVCL_3599,urinary_tract
CVCL_3603,thyroid
CVCL_3605,fibroblast
CVCL_3611,lymphocyte
CVCL_3612,ovary
CVCL_3613,ovary
CVCL_3629,bile_duct
CVCL_3768,ovary
CVCL_3770,ovary
CVCL_3806,fibroblast
CVCL_3810,prostate
CVCL_3840,liver
CVCL_3866,uterus
CVCL_3867,uterus
CVCL_3881,pancreas
CVCL_3946,gastric
CVCL_3954,central_nervous_system
CVCL_3955,central_nervous_system
CVCL_3956,central_nervous_system
CVCL_3957,central_nervous_system
CVCL_3958,central_nervous_system
CVCL_3959,central_nervous_system
CVCL_3960,central_nervous_system
CVCL_3962,central_nervous_system
CVCL_3996,bile_duct
CVCL_4056,pancreas
CVCL_4381,liver
CVCL_4402,lung
CVCL_4613,blood
CVCL_4640,ovary
CVCL_4644,ovary
CVCL_4645,ovary
CVCL_4647,ovary
CVCL_4649,ovary
CVCL_4655,uterus
CVCL_4656,uterus
CVCL_4657,uterus
CVCL_4658,uterus
CVCL_4717,pancreas
CVCL_4718,pancreas
CVCL_4748,prostate
CVCL_4773,central_nervous_system
CVCL_4846,gastric
CVCL_4849,gastric
CVCL_4896,bile_duct
CVCL_4897,pancreas
CVCL_4900,lung
CVCL_4902,bile_duct
CVCL_4996,cervix
CVCL_4D13,eye
CVCL_4W58,kidney
CVCL_4W66,central_nervous_system
CVCL_4W67,central_nervous_system
CVCL_4W68,central_nervous_system
CVCL_4Z30,bone
CVCL_4Z31,bone
CVCL_5002,colorectal
CVCL_5003,colorectal
CVCL_5005,upper_aerodigestive
CVCL_5006,upper_aerodigestive
CVCL_5007,uterus
CVCL_5008,bile_duct
CVCL_5010,central_nervous_system
CVCL_5014,ovary
CVCL_5015,bile_duct
CVCL_5016,colorectal
CVCL_5017,upper_aerodigestive
CVCL_5027,colorectal
CVCL_5031,colorectal
CVCL_5033,central_nervous_system
CVCL_5034,pancreas
CVCL_5038,bile_duct
CVCL_5044,colorectal
CVCL_5048,bile_duct
CVCL_5051,pancreas
CVCL_5054,kidney
CVCL_5058,colorectal
CVCL_5059,pancreas
CVCL_5063,upper_aerodigestive
CVCL_5064,central_nervous_system
CVCL_5065,bile_duct
CVCL_5069,central_nervous_system
CVCL_5071,colorectal
CVCL_5072,gastric
CVCL_5078,colorectal
CVCL_5079,gastric
CVCL_5080,central_nervous_system
CVCL_5081,gastric
CVCL_5083,uterus
CVCL_5086,gastric
CVCL_5087,central_nervous_system
CVCL_5089,liver
CVCL_5096,ovary
CVCL_5098,colorectal
CVCL_5100,ovary
CVCL_5101,bile_duct
CVCL_5102,liver
CVCL_5103,liver
CVCL_5105,upper_aerodigestive
CVCL_5111,colorectal
CVCL_5112,colorectal
CVCL_5113,lung
CVCL_5126,lung
CVCL_5127,lung
CVCL_5128,lung
CVCL_5129,lung
CVCL_5131,lung
CVCL_5132,lung
CVCL_5133,lung
CVCL_5134,lung
CVCL_5135,lung
CVCL_5136,lung
CVCL_5137,lung
CVCL_5158,lung
CVCL_5159,lung
CVCL_5160,lung
CVCL_5167,gastric
CVCL_5209,plasma_cell
CVCL_5210,plasma_cell
CVCL_5224,blood
CVCL_5245,colorectal
CVCL_5248,colorectal
CVCL_5249,colorectal
CVCL_5250,colorectal
CVCL_5423,breast
CVCL_5480,lung
CVCL_5589,breast
CVCL_5591,breast
CVCL_5594,breast
CVCL_5599,bile_duct
CVCL_5602,peripheral_nervous_system
CVCL_5627,peripheral_nervous_system
CVCL_5723,central_nervous_system
CVCL_5779,central_nervous_system
CVCL_5916,soft_tissue
CVCL_5951,skin
CVCL_5952,kidney
CVCL_5953,kidney
CVCL_5957,kidney
CVCL_6025,skin
CVCL_6186,kidney
CVCL_6543,uterus
CVCL_6583,bone
CVCL_6594,peripheral_nervous_system
CVCL_6735,central_nervous_system
CVCL_6748,pancreas
CVCL_6797,skin
CVCL_6805,skin
CVCL_6809,skin
CVCL_6831,lung
CVCL_6899,bile_duct
CVCL_6939,eye
CVCL_6950,cervix
CVCL_6C44,soft_tissue
CVCL_7051,soft_tissue
CVCL_7146,soft_tissue
CVCL_7674,upper_aerodigestive
CVCL_7916,blood
CVCL_7935,urinary_tract
CVCL_7937,urinary_tract
CVCL_7970,bile_duct
CVCL_8000,soft_tissue
CVCL_8001,soft_tissue
CVCL_8002,soft_tissue
CVCL_8005,soft_tissue
CVCL_8007,soft_tissue
CVCL_8064,thyroid
CVCL_8065,uterus
CVCL_8067,lung
CVCL_8098,esophagus
CVCL_8147,pancreas
CVCL_8175,colorectal
CVCL_8176,colorectal
CVCL_8198,bile_duct
CVCL_8227,blood
CVCL_8234,ovary
CVCL_8481,central_nervous_system
CVCL_8585,central_nervous_system
CVCL_8607,eye
CVCL_8705,cervix
CVCL_8708,thyroid
CVCL_8716,bone
CVCL_8717,central_nervous_system
CVCL_8718,central_nervous_system
CVCL_8721,uterus
CVCL_8752,soft_tissue
CVCL_8764,colorectal
CVCL_8784,skin
CVCL_8787,skin
CVCL_8788,kidney
CVCL_8792,plasma_cell
CVCL_8796,lymphocyte
CVCL_8797,lymphocyte
CVCL_8800,lymphocyte
CVCL_8876,gastric
CVCL_8877,gastric
CVCL_8878,ovary
CVCL_8929,upper_aerodigestive
CVCL_8930,upper_aerodigestive
CVCL_9980,colorectal
CVCL_A1UE,skin
CVCL_A1UF,skin
CVCL_A1UG,skin
CVCL_A1UH,pancreas
CVCL_A1UI,bile_duct
CVCL_A1UX,bone
CVCL_A1UY,soft_tissue
CVCL_A1UZ,bile_duct
CVCL_A1VA,bile_duct
CVCL_A1VB,bile_duct
CVCL_A1VC,bile_duct
CVCL_A1VD,bile_duct
CVCL_A1VE,bile_duct
CVCL_A1VF,bile_duct
CVCL_A1VG,bile_duct
CVCL_A1VH,bile_duct
CVCL_A1VI,bile_duct
CVCL_A1VJ,skin
CVCL_A1VK,skin
CVCL_A1VL,skin
CVCL_A1VM,skin
CVCL_A1VN,skin
CVCL_A1VP,skin
CVCL_A1VQ,soft_tissue
CVCL_A1VR,soft_tissue
CVCL_A1ZB,bile_duct
CVCL_A341,skin
CVCL_A352,lung
CVCL_A429,bile_duct
CVCL_A584,lung
CVCL_A667,soft_tissue
CVCL_A758,central_nervous_system
CVCL_A770,soft_tissue
CVCL_AQ42,soft_tissue
CVCL_AU20,peripheral_nervous_system
CVCL_AX42,peripheral_nervous_system
CVCL_AX49,peripheral_nervous_system
CVCL_B076,kidney
CVCL_B079,ovary
CVCL_B255,soft_tissue
CVCL_B260,lung
CVCL_B371,lymphocyte
CVCL_B3PJ,skin
CVCL_B3PK,kidney
CVCL_B3PL,soft_tissue
CVCL_B4KU,skin
CVCL_B4KV,gastric
CVCL_C058,upper_aerodigestive
CVCL_C297,unknown
CVCL_C301,eye
CVCL_C302,eye
CVCL_C303,eye
CVCL_C304,eye
CVCL_C307,eye
CVCL_D828,skin
CVCL_DH05,ovary
CVCL_DH06,ovary
CVCL_DH18,ovary
CVCL_E063,uterus
CVCL_E115,uterus
CVCL_E329,bile_duct
CVCL_E332,plasma_cell
CVCL_E333,plasma_cell
CVCL_EG22,colorectal
CVCL_EG28,colorectal
CVCL_EG34,colorectal
CVCL_F531,bone
CVCL_H525,thyroid
CVCL_H614,lymphocyte
CVCL_H637,lymphocyte
CVCL_H695,bile_duct
CVCL_IW56,ovary
CVCL_IZ34,breast
CVCL_J521,unknown
CVCL_L079,upper_aerodigestive
CVCL_L083,upper_aerodigestive
CVCL_L085,upper_aerodigestive
CVCL_L088,lung
CVCL_L280,embryo
CVCL_L434,blood
CVCL_L510,soft_tissue
CVCL_LJ73,ovary
CVCL_LK56,soft_tissue
CVCL_LM83,gastric
CVCL_LM84,pancreas
CVCL_M149,soft_tissue
CVCL_M150,bone
CVCL_M151,bone
CVCL_M153,bone
CVCL_M155,soft_tissue
CVCL_M156,soft_tissue
CVCL_M261,bile_duct
CVCL_M465,pancreas
CVCL_M466,pancreas
CVCL_M467,pancreas
CVCL_M469,pancreas
CVCL_M599,soft_tissue
CVCL_M823,soft_tissue
CVCL_M846,soft_tissue
CVCL_N586,soft_tissue
CVCL_N588,soft_tissue
CVCL_N820,soft_tissue
CVCL_RL84,lymphocyte
CVCL_RS25,soft_tissue
CVCL_RT33,soft_tissue
CVCL_S507,pancreas
CVCL_S740,bone
CVCL_S906,blood
CVCL_S987,ovary
CVCL_U613,soft_tissue
CVCL_U614,soft_tissue
CVCL_U757,soft_tissue
CVCL_U760,soft_tissue
CVCL_U797,skin
CVCL_V414,soft_tissue
CVCL_V415,soft_tissue
CVCL_V586,lung
CVCL_V605,kidney
CVCL_V606,urinary_tract
CVCL_V607,kidney
CVCL_V610,kidney
CVCL_V611,kidney
CVCL_V612,kidney
CVCL_V613,central_nervous_system
CVCL_V616,central_nervous_system
CVCL_V617,fibroblast
CVCL_V618,bone
CVCL_V622,lung
CVCL_V626,prostate
CVCL_VU69,ovary
CVCL_VU79,central_nervous_system
CVCL_VU81,soft_tissue
CVCL_VU89,kidney
CVCL_VV27,bile_duct
CVCL_VV28,bile_duct
CVCL_WS59,kidney
CVCL_WS60,lung
CVCL_WS70,soft_tissue
CVCL_WS73,central_nervous_system
CVCL_WU66,bone
CVCL_WU67,soft_tissue
CVCL_WU91,soft_tissue
CVCL_X504,lymphocyte
CVCL_X981,bone
CVCL_Y019,blood
CVCL_Y545,blood
CVCL_Y547,blood
CVCL_Y548,blood
CVCL_Y549,blood
CVCL_YU13,peripheral_nervous_system
